location;time of measurement;weekday;pedestrians count;temperature in ºc;weather condition;incidents
Kurfürstendamm Nordseite (Ost), Berlin;2020-01-01 00:00:00 +0100;Wednesday;11729;4;clear-day;
Kurfürstendamm Nordseite (Ost), Berlin;2020-01-02 00:00:00 +0100;Thursday;20777;5;clear-day;
Kurfürstendamm Nordseite (Ost), Berlin;2020-01-03 00:00:00 +0100;Friday;15826;7;rain;
Kurfürstendamm Nordseite (Ost), Berlin;2020-01-04 00:00:00 +0100;Saturday;14962;6;rain;
Kurfürstendamm Nordseite (Ost), Berlin;2020-01-05 00:00:00 +0100;Sunday;7316;3;clear-day;
Kurfürstendamm Nordseite (Ost), Berlin;2020-01-06 00:00:00 +0100;Monday;12709;6;partly-cloudy-day;
Kurfürstendamm Nordseite (Ost), Berlin;2020-01-07 00:00:00 +0100;Tuesday;10445;5;partly-cloudy-day;
Kurfürstendamm Nordseite (Ost), Berlin;2020-01-08 00:00:00 +0100;Wednesday;11212;8;rain;
Kurfürstendamm Nordseite (Ost), Berlin;2020-01-09 00:00:00 +0100;Thursday;9650;10;rain;
Kurfürstendamm Nordseite (Ost), Berlin;2020-01-10 00:00:00 +0100;Friday;13006;11;rain;
Kurfürstendamm Nordseite (Ost), Berlin;2020-01-11 00:00:00 +0100;Saturday;16033;6;rain;
Kurfürstendamm Nordseite (Ost), Berlin;2020-01-12 00:00:00 +0100;Sunday;6443;6;partly-cloudy-day;
Kurfürstendamm Nordseite (Ost), Berlin;2020-01-13 00:00:00 +0100;Monday;11300;7;rain;
Kurfürstendamm Nordseite (Ost), Berlin;2020-01-14 00:00:00 +0100;Tuesday;11559;10;rain;
Kurfürstendamm Nordseite (Ost), Berlin;2020-01-15 00:00:00 +0100;Wednesday;13061;13;partly-cloudy-day;
Kurfürstendamm Nordseite (Ost), Berlin;2020-01-16 00:00:00 +0100;Thursday;13753;10;partly-cloudy-day;
Kurfürstendamm Nordseite (Ost), Berlin;2020-01-17 00:00:00 +0100;Friday;14165;9;clear-day;
Kurfürstendamm Nordseite (Ost), Berlin;2020-01-18 00:00:00 +0100;Saturday;17101;8;rain;
Kurfürstendamm Nordseite (Ost), Berlin;2020-01-19 00:00:00 +0100;Sunday;6571;6;partly-cloudy-day;
Kurfürstendamm Nordseite (Ost), Berlin;2020-01-20 00:00:00 +0100;Monday;11223;5;partly-cloudy-day;
Kurfürstendamm Nordseite (Ost), Berlin;2020-01-21 00:00:00 +0100;Tuesday;11741;6;clear-day;
Kurfürstendamm Nordseite (Ost), Berlin;2020-01-22 00:00:00 +0100;Wednesday;11142;7;rain;
Kurfürstendamm Nordseite (Ost), Berlin;2020-01-23 00:00:00 +0100;Thursday;11930;6;partly-cloudy-day;
Kurfürstendamm Nordseite (Ost), Berlin;2020-01-24 00:00:00 +0100;Friday;13780;4;clear-day;
Kurfürstendamm Nordseite (Ost), Berlin;2020-01-25 00:00:00 +0100;Saturday;14299;4;partly-cloudy-day;
Kurfürstendamm Nordseite (Ost), Berlin;2020-01-26 00:00:00 +0100;Sunday;6703;3;cloudy;
Kurfürstendamm Nordseite (Ost), Berlin;2020-01-27 00:00:00 +0100;Monday;12035;10;rain;
Kurfürstendamm Nordseite (Ost), Berlin;2020-01-28 00:00:00 +0100;Tuesday;8647;9;rain;
Kurfürstendamm Nordseite (Ost), Berlin;2020-01-29 00:00:00 +0100;Wednesday;10496;6;rain;
Kurfürstendamm Nordseite (Ost), Berlin;2020-01-30 00:00:00 +0100;Thursday;11627;9;rain;
Kurfürstendamm Nordseite (Ost), Berlin;2020-01-31 00:00:00 +0100;Friday;14373;10;rain;
Kurfürstendamm Nordseite (Ost), Berlin;2020-02-01 00:00:00 +0100;Saturday;11218;11;rain;
Kurfürstendamm Nordseite (Ost), Berlin;2020-02-02 00:00:00 +0100;Sunday;4561;8;rain;
Kurfürstendamm Nordseite (Ost), Berlin;2020-02-03 00:00:00 +0100;Monday;10028;9;rain;
Kurfürstendamm Nordseite (Ost), Berlin;2020-02-04 00:00:00 +0100;Tuesday;11311;7;rain;
Kurfürstendamm Nordseite (Ost), Berlin;2020-02-05 00:00:00 +0100;Wednesday;12668;6;rain;
Kurfürstendamm Nordseite (Ost), Berlin;2020-02-06 00:00:00 +0100;Thursday;11300;7;partly-cloudy-day;
Kurfürstendamm Nordseite (Ost), Berlin;2020-02-07 00:00:00 +0100;Friday;13600;7;partly-cloudy-day;
Kurfürstendamm Nordseite (Ost), Berlin;2020-02-08 00:00:00 +0100;Saturday;18550;9;clear-day;
Kurfürstendamm Nordseite (Ost), Berlin;2020-02-09 00:00:00 +0100;Sunday;6093;13;rain;
Kurfürstendamm Nordseite (Ost), Berlin;2020-02-10 00:00:00 +0100;Monday;8888;13;rain;
Kurfürstendamm Nordseite (Ost), Berlin;2020-02-11 00:00:00 +0100;Tuesday;10048;6;rain;
Kurfürstendamm Nordseite (Ost), Berlin;2020-02-12 00:00:00 +0100;Wednesday;11149;7;rain;
Kurfürstendamm Nordseite (Ost), Berlin;2020-02-13 00:00:00 +0100;Thursday;12113;7;rain;
Kurfürstendamm Nordseite (Ost), Berlin;2020-02-14 00:00:00 +0100;Friday;14755;6;rain;
Kurfürstendamm Nordseite (Ost), Berlin;2020-02-15 00:00:00 +0100;Saturday;20115;10;partly-cloudy-day;
Kurfürstendamm Nordseite (Ost), Berlin;2020-02-16 00:00:00 +0100;Sunday;6806;14;rain;
Kurfürstendamm Nordseite (Ost), Berlin;2020-02-17 00:00:00 +0100;Monday;13158;14;rain;
Kurfürstendamm Nordseite (Ost), Berlin;2020-02-18 00:00:00 +0100;Tuesday;11495;9;rain;
Kurfürstendamm Nordseite (Ost), Berlin;2020-02-19 00:00:00 +0100;Wednesday;9756;8;rain;
Kurfürstendamm Nordseite (Ost), Berlin;2020-02-20 00:00:00 +0100;Thursday;11426;7;rain;
Kurfürstendamm Nordseite (Ost), Berlin;2020-02-21 00:00:00 +0100;Friday;14872;8;rain;
Kurfürstendamm Nordseite (Ost), Berlin;2020-02-22 00:00:00 +0100;Saturday;18560;13;rain;
Kurfürstendamm Nordseite (Ost), Berlin;2020-02-23 00:00:00 +0100;Sunday;4641;8;rain;
Kurfürstendamm Nordseite (Ost), Berlin;2020-02-24 00:00:00 +0100;Monday;12319;8;rain;
Kurfürstendamm Nordseite (Ost), Berlin;2020-02-25 00:00:00 +0100;Tuesday;12998;9;rain;
Kurfürstendamm Nordseite (Ost), Berlin;2020-02-26 00:00:00 +0100;Wednesday;10302;5;rain;
Kurfürstendamm Nordseite (Ost), Berlin;2020-02-27 00:00:00 +0100;Thursday;12836;6;rain;
Kurfürstendamm Nordseite (Ost), Berlin;2020-02-28 00:00:00 +0100;Friday;14656;8;rain;
Kurfürstendamm Nordseite (Ost), Berlin;2020-02-29 00:00:00 +0100;Saturday;18169;11;rain;
Kurfürstendamm Nordseite (Ost), Berlin;2020-03-01 00:00:00 +0100;Sunday;7146;10;rain;
Kurfürstendamm Nordseite (Ost), Berlin;2020-03-02 00:00:00 +0100;Monday;11532;9;rain;
Kurfürstendamm Nordseite (Ost), Berlin;2020-03-03 00:00:00 +0100;Tuesday;9615;7;rain;
Kurfürstendamm Nordseite (Ost), Berlin;2020-03-04 00:00:00 +0100;Wednesday;10095;9;rain;
Kurfürstendamm Nordseite (Ost), Berlin;2020-03-05 00:00:00 +0100;Thursday;11360;11;partly-cloudy-day;
Kurfürstendamm Nordseite (Ost), Berlin;2020-03-06 00:00:00 +0100;Friday;9042;8;rain;
Kurfürstendamm Nordseite (Ost), Berlin;2020-03-07 00:00:00 +0100;Saturday;14535;7;rain;
Kurfürstendamm Nordseite (Ost), Berlin;2020-03-08 00:00:00 +0100;Sunday;6376;11;partly-cloudy-day;
Kurfürstendamm Nordseite (Ost), Berlin;2020-03-09 00:00:00 +0100;Monday;10129;11;rain;
Kurfürstendamm Nordseite (Ost), Berlin;2020-03-10 00:00:00 +0100;Tuesday;6525;11;rain;
Kurfürstendamm Nordseite (Ost), Berlin;2020-03-11 00:00:00 +0100;Wednesday;11186;13;rain;
Kurfürstendamm Nordseite (Ost), Berlin;2020-03-12 00:00:00 +0100;Thursday;9583;12;rain;
Kurfürstendamm Nordseite (Ost), Berlin;2020-03-13 00:00:00 +0100;Friday;9105;9;rain;
Kurfürstendamm Nordseite (Ost), Berlin;2020-03-14 00:00:00 +0100;Saturday;12555;9;clear-day;
Kurfürstendamm Nordseite (Ost), Berlin;2020-03-15 00:00:00 +0100;Sunday;4842;13;partly-cloudy-day;
Kurfürstendamm Nordseite (Ost), Berlin;2020-03-16 00:00:00 +0100;Monday;7289;17;partly-cloudy-day;
Kurfürstendamm Nordseite (Ost), Berlin;2020-03-17 00:00:00 +0100;Tuesday;5522;15;partly-cloudy-day;
Kurfürstendamm Nordseite (Ost), Berlin;2020-03-18 00:00:00 +0100;Wednesday;4430;18;partly-cloudy-day;
Kurfürstendamm Nordseite (Ost), Berlin;2020-03-19 00:00:00 +0100;Thursday;3362;14;partly-cloudy-day;
Kurfürstendamm Nordseite (Ost), Berlin;2020-03-20 00:00:00 +0100;Friday;2819;11;cloudy;
Kurfürstendamm Nordseite (Ost), Berlin;2020-03-21 00:00:00 +0100;Saturday;2272;8;clear-day;
Kurfürstendamm Nordseite (Ost), Berlin;2020-03-22 00:00:00 +0100;Sunday;2760;7;clear-day;
Kurfürstendamm Nordseite (Ost), Berlin;2020-03-23 00:00:00 +0100;Monday;2962;8;clear-day;
Kurfürstendamm Nordseite (Ost), Berlin;2020-03-24 00:00:00 +0100;Tuesday;2984;9;clear-day;
Kurfürstendamm Nordseite (Ost), Berlin;2020-03-25 00:00:00 +0100;Wednesday;3111;11;clear-day;
Kurfürstendamm Nordseite (Ost), Berlin;2020-03-26 00:00:00 +0100;Thursday;3105;12;clear-day;
Kurfürstendamm Nordseite (Ost), Berlin;2020-03-27 00:00:00 +0100;Friday;3020;18;clear-day;
Kurfürstendamm Nordseite (Ost), Berlin;2020-03-28 00:00:00 +0100;Saturday;2919;16;clear-day;
Kurfürstendamm Nordseite (Ost), Berlin;2020-03-29 00:00:00 +0100;Sunday;1160;6;rain;
Kurfürstendamm Nordseite (Ost), Berlin;2020-03-30 00:00:00 +0200;Monday;2119;5;rain;
Kurfürstendamm Nordseite (Ost), Berlin;2020-03-31 00:00:00 +0200;Tuesday;2677;6;partly-cloudy-day;
Kurfürstendamm Nordseite (Ost), Berlin;2020-04-01 00:00:00 +0200;Wednesday;3223;10;clear-day;
Kurfürstendamm Nordseite (Ost), Berlin;2020-04-02 00:00:00 +0200;Thursday;2855;11;partly-cloudy-day;
Kurfürstendamm Nordseite (Ost), Berlin;2020-04-03 00:00:00 +0200;Friday;2855;11;partly-cloudy-day;
Kurfürstendamm Nordseite (Ost), Berlin;2020-04-04 00:00:00 +0200;Saturday;3061;13;clear-day;
Kurfürstendamm Nordseite (Ost), Berlin;2020-04-05 00:00:00 +0200;Sunday;3298;18;clear-day;
Kurfürstendamm Nordseite (Ost), Berlin;2020-04-06 00:00:00 +0200;Monday;3560;22;clear-day;
Kurfürstendamm Nordseite (Ost), Berlin;2020-04-07 00:00:00 +0200;Tuesday;3176;21;clear-day;
Kurfürstendamm Nordseite (Ost), Berlin;2020-04-08 00:00:00 +0200;Wednesday;3129;23;clear-day;
Kurfürstendamm Nordseite (Ost), Berlin;2020-04-09 00:00:00 +0200;Thursday;3259;19;clear-day;
Kurfürstendamm Nordseite (Ost), Berlin;2020-04-10 00:00:00 +0200;Friday;3133;;;
Kurfürstendamm Nordseite (Ost), Berlin;2020-04-11 00:00:00 +0200;Saturday;2865;17;partly-cloudy-day;
Kurfürstendamm Nordseite (Ost), Berlin;2020-04-12 00:00:00 +0200;Sunday;2560;25;partly-cloudy-day;
Kurfürstendamm Nordseite (Ost), Berlin;2020-04-13 00:00:00 +0200;Monday;2163;13;rain;
Kurfürstendamm Nordseite (Ost), Berlin;2020-04-14 00:00:00 +0200;Tuesday;3159;11;clear-day;
Kurfürstendamm Nordseite (Ost), Berlin;2020-04-15 00:00:00 +0200;Wednesday;3063;16;partly-cloudy-day;
Kurfürstendamm Nordseite (Ost), Berlin;2020-04-16 00:00:00 +0200;Thursday;3681;19;partly-cloudy-day;
Kurfürstendamm Nordseite (Ost), Berlin;2020-04-17 00:00:00 +0200;Friday;3445;18;partly-cloudy-day;
Kurfürstendamm Nordseite (Ost), Berlin;2020-04-18 00:00:00 +0200;Saturday;3324;18;clear-day;
Kurfürstendamm Nordseite (Ost), Berlin;2020-04-19 00:00:00 +0200;Sunday;3506;15;clear-day;
Kurfürstendamm Nordseite (Ost), Berlin;2020-04-20 00:00:00 +0200;Monday;4200;17;clear-day;
Kurfürstendamm Nordseite (Ost), Berlin;2020-04-21 00:00:00 +0200;Tuesday;4099;18;clear-day;
Kurfürstendamm Nordseite (Ost), Berlin;2020-04-22 00:00:00 +0200;Wednesday;5073;20;clear-day;
Kurfürstendamm Nordseite (Ost), Berlin;2020-04-23 00:00:00 +0200;Thursday;4961;22;clear-day;
Kurfürstendamm Nordseite (Ost), Berlin;2020-04-24 00:00:00 +0200;Friday;4562;22;partly-cloudy-day;
Kurfürstendamm Nordseite (Ost), Berlin;2020-04-25 00:00:00 +0200;Saturday;4990;16;partly-cloudy-day;
Kurfürstendamm Nordseite (Ost), Berlin;2020-04-26 00:00:00 +0200;Sunday;2957;17;partly-cloudy-day;
Kurfürstendamm Nordseite (Ost), Berlin;2020-04-27 00:00:00 +0200;Monday;5153;23;clear-day;
Kurfürstendamm Nordseite (Ost), Berlin;2020-04-28 00:00:00 +0200;Tuesday;4738;24;partly-cloudy-day;
Kurfürstendamm Nordseite (Ost), Berlin;2020-04-29 00:00:00 +0200;Wednesday;4065;18;rain;
Kurfürstendamm Nordseite (Ost), Berlin;2020-04-30 00:00:00 +0200;Thursday;4750;18;rain;
Kurfürstendamm Nordseite (Ost), Berlin;2020-05-01 00:00:00 +0200;Friday;3398;18;rain;
Kurfürstendamm Nordseite (Ost), Berlin;2020-05-02 00:00:00 +0200;Saturday;5171;15;rain;
Kurfürstendamm Nordseite (Ost), Berlin;2020-05-03 00:00:00 +0200;Sunday;2919;15;partly-cloudy-day;
Kurfürstendamm Nordseite (Ost), Berlin;2020-05-04 00:00:00 +0200;Monday;4440;13;rain;
Kurfürstendamm Nordseite (Ost), Berlin;2020-05-05 00:00:00 +0200;Tuesday;5038;11;rain;
Kurfürstendamm Nordseite (Ost), Berlin;2020-05-06 00:00:00 +0200;Wednesday;6279;17;partly-cloudy-day;
Kurfürstendamm Nordseite (Ost), Berlin;2020-05-07 00:00:00 +0200;Thursday;5907;16;partly-cloudy-day;
Kurfürstendamm Nordseite (Ost), Berlin;2020-05-08 00:00:00 +0200;Friday;3569;22;partly-cloudy-day;
Kurfürstendamm Nordseite (Ost), Berlin;2020-05-09 00:00:00 +0200;Saturday;7248;24;partly-cloudy-day;
Kurfürstendamm Nordseite (Ost), Berlin;2020-05-10 00:00:00 +0200;Sunday;2566;24;rain;
Kurfürstendamm Nordseite (Ost), Berlin;2020-05-11 00:00:00 +0200;Monday;3332;17;rain;
Kurfürstendamm Nordseite (Ost), Berlin;2020-05-12 00:00:00 +0200;Tuesday;7280;12;clear-day;
Kurfürstendamm Nordseite (Ost), Berlin;2020-05-13 00:00:00 +0200;Wednesday;7029;15;partly-cloudy-day;
Kurfürstendamm Nordseite (Ost), Berlin;2020-05-14 00:00:00 +0200;Thursday;7314;14;rain;
Kurfürstendamm Nordseite (Ost), Berlin;2020-05-15 00:00:00 +0200;Friday;8018;17;clear-day;
Kurfürstendamm Nordseite (Ost), Berlin;2020-05-16 00:00:00 +0200;Saturday;9102;17;partly-cloudy-day;
Kurfürstendamm Nordseite (Ost), Berlin;2020-05-17 00:00:00 +0200;Sunday;3670;19;rain;
Kurfürstendamm Nordseite (Ost), Berlin;2020-05-18 00:00:00 +0200;Monday;7472;22;partly-cloudy-day;
Kurfürstendamm Nordseite (Ost), Berlin;2020-05-19 00:00:00 +0200;Tuesday;7486;21;partly-cloudy-day;
Kurfürstendamm Nordseite (Ost), Berlin;2020-05-20 00:00:00 +0200;Wednesday;8451;21;clear-day;
Kurfürstendamm Nordseite (Ost), Berlin;2020-05-21 00:00:00 +0200;Thursday;4187;22;partly-cloudy-day;
Kurfürstendamm Nordseite (Ost), Berlin;2020-05-22 00:00:00 +0200;Friday;9350;23;partly-cloudy-day;
Kurfürstendamm Nordseite (Ost), Berlin;2020-05-23 00:00:00 +0200;Saturday;9449;20;rain;
Kurfürstendamm Nordseite (Ost), Berlin;2020-05-24 00:00:00 +0200;Sunday;2442;17;rain;
Kurfürstendamm Nordseite (Ost), Berlin;2020-05-25 00:00:00 +0200;Monday;7107;15;rain;
Kurfürstendamm Nordseite (Ost), Berlin;2020-05-26 00:00:00 +0200;Tuesday;8892;21;clear-day;
Kurfürstendamm Nordseite (Ost), Berlin;2020-05-27 00:00:00 +0200;Wednesday;8376;23;partly-cloudy-day;
Kurfürstendamm Nordseite (Ost), Berlin;2020-05-28 00:00:00 +0200;Thursday;8576;21;partly-cloudy-day;
Kurfürstendamm Nordseite (Ost), Berlin;2020-05-29 00:00:00 +0200;Friday;9889;21;partly-cloudy-day;
Kurfürstendamm Nordseite (Ost), Berlin;2020-05-30 00:00:00 +0200;Saturday;55;19;partly-cloudy-day;
Kurfürstendamm Nordseite (Ost), Berlin;2020-05-30 00:00:00 +0200;Saturday;12106;;;
Kurfürstendamm Nordseite (Ost), Berlin;2020-05-31 00:00:00 +0200;Sunday;4832;23;partly-cloudy-day;
Kurfürstendamm Nordseite (Ost), Berlin;2020-06-01 00:00:00 +0200;Monday;4766;25;clear-day;
Kurfürstendamm Nordseite (Ost), Berlin;2020-06-02 00:00:00 +0200;Tuesday;8884;27;clear-day;
Kurfürstendamm Nordseite (Ost), Berlin;2020-06-03 00:00:00 +0200;Wednesday;8905;25;partly-cloudy-day;
Kurfürstendamm Nordseite (Ost), Berlin;2020-06-04 00:00:00 +0200;Thursday;7809;25;rain;
Kurfürstendamm Nordseite (Ost), Berlin;2020-06-05 00:00:00 +0200;Friday;9290;18;rain;
Kurfürstendamm Nordseite (Ost), Berlin;2020-06-06 00:00:00 +0200;Saturday;12051;19;rain;
Kurfürstendamm Nordseite (Ost), Berlin;2020-06-07 00:00:00 +0200;Sunday;4185;20;partly-cloudy-day;
Kurfürstendamm Nordseite (Ost), Berlin;2020-06-08 00:00:00 +0200;Monday;9596;22;partly-cloudy-day;
Kurfürstendamm Nordseite (Ost), Berlin;2020-06-09 00:00:00 +0200;Tuesday;9342;23;partly-cloudy-day;
Kurfürstendamm Nordseite (Ost), Berlin;2020-06-10 00:00:00 +0200;Wednesday;9584;23;cloudy;
Kurfürstendamm Nordseite (Ost), Berlin;2020-06-11 00:00:00 +0200;Thursday;9304;22;rain;
Kurfürstendamm Nordseite (Ost), Berlin;2020-06-12 00:00:00 +0200;Friday;11684;27;partly-cloudy-day;
Kurfürstendamm Nordseite (Ost), Berlin;2020-06-13 00:00:00 +0200;Saturday;8101;31;rain;
Kurfürstendamm Nordseite (Ost), Berlin;2020-06-14 00:00:00 +0200;Sunday;4616;25;rain;
Kurfürstendamm Nordseite (Ost), Berlin;2020-06-15 00:00:00 +0200;Monday;9286;26;partly-cloudy-day;
Kurfürstendamm Nordseite (Ost), Berlin;2020-06-16 00:00:00 +0200;Tuesday;8821;27;partly-cloudy-day;
Kurfürstendamm Nordseite (Ost), Berlin;2020-06-17 00:00:00 +0200;Wednesday;8432;28;partly-cloudy-day;
Kurfürstendamm Nordseite (Ost), Berlin;2020-06-18 00:00:00 +0200;Thursday;9040;27;rain;
Kurfürstendamm Nordseite (Ost), Berlin;2020-06-19 00:00:00 +0200;Friday;9342;21;rain;
Kurfürstendamm Nordseite (Ost), Berlin;2020-06-20 00:00:00 +0200;Saturday;9208;18;rain;
Kurfürstendamm Nordseite (Ost), Berlin;2020-06-21 00:00:00 +0200;Sunday;6038;22;rain;
Kurfürstendamm Nordseite (Ost), Berlin;2020-06-22 00:00:00 +0200;Monday;9020;26;clear-day;
Kurfürstendamm Nordseite (Ost), Berlin;2020-06-23 00:00:00 +0200;Tuesday;9855;25;clear-day;
Kurfürstendamm Nordseite (Ost), Berlin;2020-06-24 00:00:00 +0200;Wednesday;9409;26;partly-cloudy-day;
Kurfürstendamm Nordseite (Ost), Berlin;2020-06-25 00:00:00 +0200;Thursday;9604;28;partly-cloudy-day;
Kurfürstendamm Nordseite (Ost), Berlin;2020-06-26 00:00:00 +0200;Friday;9935;29;rain;
Kurfürstendamm Nordseite (Ost), Berlin;2020-06-27 00:00:00 +0200;Saturday;9925;31;rain;
Kurfürstendamm Nordseite (Ost), Berlin;2020-06-28 00:00:00 +0200;Sunday;4047;28;rain;
Kurfürstendamm Nordseite (Ost), Berlin;2020-06-29 00:00:00 +0200;Monday;9773;24;rain;
Kurfürstendamm Nordseite (Ost), Berlin;2020-06-30 00:00:00 +0200;Tuesday;9844;23;partly-cloudy-day;
Kurfürstendamm Nordseite (Ost), Berlin;2020-07-01 00:00:00 +0200;Wednesday;8986;22;rain;
Kurfürstendamm Nordseite (Ost), Berlin;2020-07-02 00:00:00 +0200;Thursday;11033;25;partly-cloudy-day;
Kurfürstendamm Nordseite (Ost), Berlin;2020-07-03 00:00:00 +0200;Friday;11725;24;partly-cloudy-day;
Kurfürstendamm Nordseite (Ost), Berlin;2020-07-04 00:00:00 +0200;Saturday;13484;25;partly-cloudy-day;
Kurfürstendamm Nordseite (Ost), Berlin;2020-07-05 00:00:00 +0200;Sunday;4679;27;cloudy;
Kurfürstendamm Nordseite (Ost), Berlin;2020-07-06 00:00:00 +0200;Monday;10583;21;rain;
Kurfürstendamm Nordseite (Ost), Berlin;2020-07-07 00:00:00 +0200;Tuesday;10986;20;rain;
Kurfürstendamm Nordseite (Ost), Berlin;2020-07-08 00:00:00 +0200;Wednesday;10784;19;rain;
Kurfürstendamm Nordseite (Ost), Berlin;2020-07-09 00:00:00 +0200;Thursday;8898;19;rain;
Kurfürstendamm Nordseite (Ost), Berlin;2020-07-10 00:00:00 +0200;Friday;10165;24;rain;
Kurfürstendamm Nordseite (Ost), Berlin;2020-07-11 00:00:00 +0200;Saturday;14967;21;partly-cloudy-day;
Kurfürstendamm Nordseite (Ost), Berlin;2020-07-12 00:00:00 +0200;Sunday;5708;22;clear-day;
Kurfürstendamm Nordseite (Ost), Berlin;2020-07-13 00:00:00 +0200;Monday;11760;24;partly-cloudy-day;
Kurfürstendamm Nordseite (Ost), Berlin;2020-07-14 00:00:00 +0200;Tuesday;10730;29;partly-cloudy-day;
Kurfürstendamm Nordseite (Ost), Berlin;2020-07-15 00:00:00 +0200;Wednesday;7209;21;rain;
Kurfürstendamm Nordseite (Ost), Berlin;2020-07-16 00:00:00 +0200;Thursday;10897;21;rain;
Kurfürstendamm Nordseite (Ost), Berlin;2020-07-17 00:00:00 +0200;Friday;11810;22;rain;
Kurfürstendamm Nordseite (Ost), Berlin;2020-07-18 00:00:00 +0200;Saturday;14097;27;partly-cloudy-day;
Kurfürstendamm Nordseite (Ost), Berlin;2020-07-19 00:00:00 +0200;Sunday;177;30;rain;
Kurfürstendamm Nordseite (Ost), Berlin;2020-07-19 00:00:00 +0200;Sunday;4603;;;
Kurfürstendamm Nordseite (Ost), Berlin;2020-07-20 00:00:00 +0200;Monday;11737;25;rain;
Kurfürstendamm Nordseite (Ost), Berlin;2020-07-21 00:00:00 +0200;Tuesday;12482;23;clear-day;
Kurfürstendamm Nordseite (Ost), Berlin;2020-07-22 00:00:00 +0200;Wednesday;12310;22;partly-cloudy-day;
Kurfürstendamm Nordseite (Ost), Berlin;2020-07-23 00:00:00 +0200;Thursday;13185;23;partly-cloudy-day;
Kurfürstendamm Nordseite (Ost), Berlin;2020-07-24 00:00:00 +0200;Friday;12188;28;partly-cloudy-day;
Kurfürstendamm Nordseite (Ost), Berlin;2020-07-25 00:00:00 +0200;Saturday;14021;26;partly-cloudy-day;
Kurfürstendamm Nordseite (Ost), Berlin;2020-07-26 00:00:00 +0200;Sunday;5509;24;rain;
Kurfürstendamm Nordseite (Ost), Berlin;2020-07-27 00:00:00 +0200;Monday;11968;27;partly-cloudy-day;
Kurfürstendamm Nordseite (Ost), Berlin;2020-07-28 00:00:00 +0200;Tuesday;11621;28;partly-cloudy-day;
Kurfürstendamm Nordseite (Ost), Berlin;2020-07-29 00:00:00 +0200;Wednesday;13258;23;clear-day;
Kurfürstendamm Nordseite (Ost), Berlin;2020-07-30 00:00:00 +0200;Thursday;13265;24;partly-cloudy-day;
Kurfürstendamm Nordseite (Ost), Berlin;2020-07-31 00:00:00 +0200;Friday;13259;27;partly-cloudy-day;
Kurfürstendamm Nordseite (Ost), Berlin;2020-08-01 00:00:00 +0200;Saturday;12803;30;partly-cloudy-day;
Kurfürstendamm Nordseite (Ost), Berlin;2020-08-02 00:00:00 +0200;Sunday;5822;27;rain;
Kurfürstendamm Nordseite (Ost), Berlin;2020-08-03 00:00:00 +0200;Monday;13492;24;rain;
Kurfürstendamm Nordseite (Ost), Berlin;2020-08-04 00:00:00 +0200;Tuesday;12991;24;partly-cloudy-day;
Kurfürstendamm Nordseite (Ost), Berlin;2020-08-05 00:00:00 +0200;Wednesday;12710;28;partly-cloudy-day;
Kurfürstendamm Nordseite (Ost), Berlin;2020-08-06 00:00:00 +0200;Thursday;11415;30;clear-day;
Kurfürstendamm Nordseite (Ost), Berlin;2020-08-07 00:00:00 +0200;Friday;11101;32;partly-cloudy-day;
Kurfürstendamm Nordseite (Ost), Berlin;2020-08-08 00:00:00 +0200;Saturday;10105;35;clear-day;
Kurfürstendamm Nordseite (Ost), Berlin;2020-08-09 00:00:00 +0200;Sunday;3996;35;rain;
Kurfürstendamm Nordseite (Ost), Berlin;2020-08-10 00:00:00 +0200;Monday;10283;32;rain;
Kurfürstendamm Nordseite (Ost), Berlin;2020-08-11 00:00:00 +0200;Tuesday;9876;33;clear-day;
Kurfürstendamm Nordseite (Ost), Berlin;2020-08-12 00:00:00 +0200;Wednesday;10128;32;clear-day;
Kurfürstendamm Nordseite (Ost), Berlin;2020-08-13 00:00:00 +0200;Thursday;10843;31;partly-cloudy-day;
Kurfürstendamm Nordseite (Ost), Berlin;2020-08-14 00:00:00 +0200;Friday;12475;28;rain;
Kurfürstendamm Nordseite (Ost), Berlin;2020-08-15 00:00:00 +0200;Saturday;12765;31;partly-cloudy-day;
Kurfürstendamm Nordseite (Ost), Berlin;2020-08-16 00:00:00 +0200;Sunday;4783;31;clear-day;
Kurfürstendamm Nordseite (Ost), Berlin;2020-08-17 00:00:00 +0200;Monday;10016;32;clear-day;
Kurfürstendamm Nordseite (Ost), Berlin;2020-08-18 00:00:00 +0200;Tuesday;10475;24;rain;
Kurfürstendamm Nordseite (Ost), Berlin;2020-08-19 00:00:00 +0200;Wednesday;11428;27;rain;
Kurfürstendamm Nordseite (Ost), Berlin;2020-08-20 00:00:00 +0200;Thursday;10577;31;cloudy;
Kurfürstendamm Nordseite (Ost), Berlin;2020-08-21 00:00:00 +0200;Friday;9235;36;partly-cloudy-day;
Kurfürstendamm Nordseite (Ost), Berlin;2020-08-22 00:00:00 +0200;Saturday;14569;27;rain;
Kurfürstendamm Nordseite (Ost), Berlin;2020-08-23 00:00:00 +0200;Sunday;5364;26;partly-cloudy-day;
Kurfürstendamm Nordseite (Ost), Berlin;2020-08-24 00:00:00 +0200;Monday;10805;23;rain;
Kurfürstendamm Nordseite (Ost), Berlin;2020-08-25 00:00:00 +0200;Tuesday;10816;24;partly-cloudy-day;
Kurfürstendamm Nordseite (Ost), Berlin;2020-08-26 00:00:00 +0200;Wednesday;7412;20;rain;
Kurfürstendamm Nordseite (Ost), Berlin;2020-08-27 00:00:00 +0200;Thursday;11746;21;rain;
Kurfürstendamm Nordseite (Ost), Berlin;2020-08-28 00:00:00 +0200;Friday;13169;23;rain;
Kurfürstendamm Nordseite (Ost), Berlin;2020-08-29 00:00:00 +0200;Saturday;15779;24;cloudy;
Kurfürstendamm Nordseite (Ost), Berlin;2020-08-30 00:00:00 +0200;Sunday;4436;25;rain;
Kurfürstendamm Nordseite (Ost), Berlin;2020-08-31 00:00:00 +0200;Monday;10932;23;rain;
Kurfürstendamm Nordseite (Ost), Berlin;2020-09-01 00:00:00 +0200;Tuesday;10260;20;partly-cloudy-day;
Kurfürstendamm Nordseite (Ost), Berlin;2020-09-02 00:00:00 +0200;Wednesday;7960;19;rain;
Kurfürstendamm Nordseite (Ost), Berlin;2020-09-03 00:00:00 +0200;Thursday;11160;23;rain;
Kurfürstendamm Nordseite (Ost), Berlin;2020-09-04 00:00:00 +0200;Friday;11950;23;rain;
Kurfürstendamm Nordseite (Ost), Berlin;2020-09-05 00:00:00 +0200;Saturday;14912;18;rain;
Kurfürstendamm Nordseite (Ost), Berlin;2020-09-06 00:00:00 +0200;Sunday;6419;20;rain;
Kurfürstendamm Nordseite (Ost), Berlin;2020-09-07 00:00:00 +0200;Monday;35;21;clear-day;
Kurfürstendamm Nordseite (Ost), Berlin;2020-09-07 00:00:00 +0200;Monday;10718;;;
Kurfürstendamm Nordseite (Ost), Berlin;2020-09-08 00:00:00 +0200;Tuesday;10049;22;partly-cloudy-day;
Kurfürstendamm Nordseite (Ost), Berlin;2020-09-09 00:00:00 +0200;Wednesday;10216;26;partly-cloudy-day;
Kurfürstendamm Nordseite (Ost), Berlin;2020-09-10 00:00:00 +0200;Thursday;11015;20;partly-cloudy-day;
Kurfürstendamm Nordseite (Ost), Berlin;2020-09-11 00:00:00 +0200;Friday;12573;24;clear-day;
Kurfürstendamm Nordseite (Ost), Berlin;2020-09-12 00:00:00 +0200;Saturday;14625;27;clear-day;
Kurfürstendamm Nordseite (Ost), Berlin;2020-09-13 00:00:00 +0200;Sunday;6022;26;partly-cloudy-day;
Kurfürstendamm Nordseite (Ost), Berlin;2020-09-14 00:00:00 +0200;Monday;9687;30;partly-cloudy-day;
Kurfürstendamm Nordseite (Ost), Berlin;2020-09-15 00:00:00 +0200;Tuesday;9207;32;partly-cloudy-day;
Kurfürstendamm Nordseite (Ost), Berlin;2020-09-16 00:00:00 +0200;Wednesday;9564;30;partly-cloudy-day;
Kurfürstendamm Nordseite (Ost), Berlin;2020-09-17 00:00:00 +0200;Thursday;11414;20;clear-day;
Kurfürstendamm Nordseite (Ost), Berlin;2020-09-18 00:00:00 +0200;Friday;14005;22;partly-cloudy-day;
Kurfürstendamm Nordseite (Ost), Berlin;2020-09-19 00:00:00 +0200;Saturday;17028;22;cloudy;
Kurfürstendamm Nordseite (Ost), Berlin;2020-09-20 00:00:00 +0200;Sunday;6190;24;partly-cloudy-day;
Kurfürstendamm Nordseite (Ost), Berlin;2020-09-21 00:00:00 +0200;Monday;10849;26;clear-day;
Kurfürstendamm Nordseite (Ost), Berlin;2020-09-22 00:00:00 +0200;Tuesday;10661;27;clear-day;
Kurfürstendamm Nordseite (Ost), Berlin;2020-09-23 00:00:00 +0200;Wednesday;10300;27;rain;
Kurfürstendamm Nordseite (Ost), Berlin;2020-09-24 00:00:00 +0200;Thursday;10483;22;partly-cloudy-day;
Kurfürstendamm Nordseite (Ost), Berlin;2020-09-25 00:00:00 +0200;Friday;10758;16;rain;
Kurfürstendamm Nordseite (Ost), Berlin;2020-09-26 00:00:00 +0200;Saturday;5749;11;rain;
Kurfürstendamm Nordseite (Ost), Berlin;2020-09-27 00:00:00 +0200;Sunday;5385;13;rain;
Kurfürstendamm Nordseite (Ost), Berlin;2020-09-28 00:00:00 +0200;Monday;11438;19;partly-cloudy-day;
Kurfürstendamm Nordseite (Ost), Berlin;2020-09-29 00:00:00 +0200;Tuesday;10356;18;partly-cloudy-day;
Kurfürstendamm Nordseite (Ost), Berlin;2020-09-30 00:00:00 +0200;Wednesday;11949;20;clear-day;
Kurfürstendamm Nordseite (Ost), Berlin;2020-10-01 00:00:00 +0200;Thursday;11233;17;partly-cloudy-day;
Kurfürstendamm Nordseite (Ost), Berlin;2020-10-02 00:00:00 +0200;Friday;12349;18;partly-cloudy-day;
Kurfürstendamm Nordseite (Ost), Berlin;2020-10-03 00:00:00 +0200;Saturday;8814;22;partly-cloudy-day;
Kurfürstendamm Nordseite (Ost), Berlin;2020-10-04 00:00:00 +0200;Sunday;6652;19;partly-cloudy-day;
Kurfürstendamm Nordseite (Ost), Berlin;2020-10-05 00:00:00 +0200;Monday;10396;16;rain;
Kurfürstendamm Nordseite (Ost), Berlin;2020-10-06 00:00:00 +0200;Tuesday;10058;16;rain;
Kurfürstendamm Nordseite (Ost), Berlin;2020-10-07 00:00:00 +0200;Wednesday;9121;16;rain;
Kurfürstendamm Nordseite (Ost), Berlin;2020-10-08 00:00:00 +0200;Thursday;8406;14;rain;
Kurfürstendamm Nordseite (Ost), Berlin;2020-10-09 00:00:00 +0200;Friday;9540;15;rain;
Kurfürstendamm Nordseite (Ost), Berlin;2020-10-10 00:00:00 +0200;Saturday;14936;13;rain;
Kurfürstendamm Nordseite (Ost), Berlin;2020-10-11 00:00:00 +0200;Sunday;4745;13;partly-cloudy-day;
Kurfürstendamm Nordseite (Ost), Berlin;2020-10-12 00:00:00 +0200;Monday;10567;13;partly-cloudy-day;
Kurfürstendamm Nordseite (Ost), Berlin;2020-10-13 00:00:00 +0200;Tuesday;10435;13;partly-cloudy-day;
Kurfürstendamm Nordseite (Ost), Berlin;2020-10-14 00:00:00 +0200;Wednesday;4780;11;rain;
Kurfürstendamm Nordseite (Ost), Berlin;2020-10-15 00:00:00 +0200;Thursday;9191;11;rain;
Kurfürstendamm Nordseite (Ost), Berlin;2020-10-16 00:00:00 +0200;Friday;9296;11;rain;
Kurfürstendamm Nordseite (Ost), Berlin;2020-10-17 00:00:00 +0200;Saturday;14077;13;rain;
Kurfürstendamm Nordseite (Ost), Berlin;2020-10-18 00:00:00 +0200;Sunday;3328;11;rain;
Kurfürstendamm Nordseite (Ost), Berlin;2020-10-19 00:00:00 +0200;Monday;10923;12;rain;
Kurfürstendamm Nordseite (Ost), Berlin;2020-10-20 00:00:00 +0200;Tuesday;9909;13;rain;
Kurfürstendamm Nordseite (Ost), Berlin;2020-10-21 00:00:00 +0200;Wednesday;9060;15;rain;
Kurfürstendamm Nordseite (Ost), Berlin;2020-10-22 00:00:00 +0200;Thursday;10756;19;wind;
Kurfürstendamm Nordseite (Ost), Berlin;2020-10-23 00:00:00 +0200;Friday;11173;17;rain;
Kurfürstendamm Nordseite (Ost), Berlin;2020-10-24 00:00:00 +0200;Saturday;13940;16;rain;
Kurfürstendamm Nordseite (Ost), Berlin;2020-10-25 00:00:00 +0200;Sunday;3928;17;partly-cloudy-day;
Kurfürstendamm Nordseite (Ost), Berlin;2020-10-26 00:00:00 +0100;Monday;8455;15;rain;
Kurfürstendamm Nordseite (Ost), Berlin;2020-10-27 00:00:00 +0100;Tuesday;9143;13;partly-cloudy-day;
Kurfürstendamm Nordseite (Ost), Berlin;2020-10-28 00:00:00 +0100;Wednesday;8413;15;rain;
Kurfürstendamm Nordseite (Ost), Berlin;2020-10-29 00:00:00 +0100;Thursday;8436;12;rain;
Kurfürstendamm Nordseite (Ost), Berlin;2020-10-30 00:00:00 +0100;Friday;5533;14;rain;
Kurfürstendamm Nordseite (Ost), Berlin;2020-10-31 00:00:00 +0100;Saturday;12245;15;rain;
Kurfürstendamm Nordseite (Ost), Berlin;2020-11-01 00:00:00 +0100;Sunday;4190;15;rain;
Kurfürstendamm Nordseite (Ost), Berlin;2020-11-02 00:00:00 +0100;Monday;7487;20;rain;
Kurfürstendamm Nordseite (Ost), Berlin;2020-11-03 00:00:00 +0100;Tuesday;8137;16;partly-cloudy-day;
Kurfürstendamm Nordseite (Ost), Berlin;2020-11-04 00:00:00 +0100;Wednesday;7143;11;partly-cloudy-day;
Kurfürstendamm Nordseite (Ost), Berlin;2020-11-05 00:00:00 +0100;Thursday;7017;11;partly-cloudy-day;
Kurfürstendamm Nordseite (Ost), Berlin;2020-11-06 00:00:00 +0100;Friday;7589;12;cloudy;
Kurfürstendamm Nordseite (Ost), Berlin;2020-11-07 00:00:00 +0100;Saturday;11012;11;clear-day;
Kurfürstendamm Nordseite (Ost), Berlin;2020-11-08 00:00:00 +0100;Sunday;2990;11;clear-day;
Kurfürstendamm Nordseite (Ost), Berlin;2020-11-09 00:00:00 +0100;Monday;7220;8;partly-cloudy-day;
Kurfürstendamm Nordseite (Ost), Berlin;2020-11-10 00:00:00 +0100;Tuesday;6753;7;partly-cloudy-day;
Kurfürstendamm Nordseite (Ost), Berlin;2020-11-11 00:00:00 +0100;Wednesday;6734;8;partly-cloudy-day;
Kurfürstendamm Nordseite (Ost), Berlin;2020-11-12 00:00:00 +0100;Thursday;7457;10;partly-cloudy-day;
Kurfürstendamm Nordseite (Ost), Berlin;2020-11-13 00:00:00 +0100;Friday;12957;12;partly-cloudy-day;
Kurfürstendamm Nordseite (Ost), Berlin;2020-11-14 00:00:00 +0100;Saturday;15711;14;rain;
Kurfürstendamm Nordseite (Ost), Berlin;2020-11-15 00:00:00 +0100;Sunday;3027;15;partly-cloudy-day;
Kurfürstendamm Nordseite (Ost), Berlin;2020-11-16 00:00:00 +0100;Monday;8334;13;rain;
Kurfürstendamm Nordseite (Ost), Berlin;2020-11-17 00:00:00 +0100;Tuesday;7506;11;rain;
Kurfürstendamm Nordseite (Ost), Berlin;2020-11-18 00:00:00 +0100;Wednesday;6928;12;partly-cloudy-day;
Kurfürstendamm Nordseite (Ost), Berlin;2020-11-19 00:00:00 +0100;Thursday;6407;12;partly-cloudy-day;
Kurfürstendamm Nordseite (Ost), Berlin;2020-11-20 00:00:00 +0100;Friday;8058;7;rain;
Kurfürstendamm Nordseite (Ost), Berlin;2020-11-21 00:00:00 +0100;Saturday;9408;6;partly-cloudy-day;
Kurfürstendamm Nordseite (Ost), Berlin;2020-11-22 00:00:00 +0100;Sunday;2781;10;rain;
Kurfürstendamm Nordseite (Ost), Berlin;2020-11-23 00:00:00 +0100;Monday;8044;9;partly-cloudy-day;
Kurfürstendamm Nordseite (Ost), Berlin;2020-11-24 00:00:00 +0100;Tuesday;7822;8;partly-cloudy-day;
Kurfürstendamm Nordseite (Ost), Berlin;2020-11-25 00:00:00 +0100;Wednesday;7027;6;partly-cloudy-day;
Kurfürstendamm Nordseite (Ost), Berlin;2020-11-26 00:00:00 +0100;Thursday;7493;7;partly-cloudy-day;
Kurfürstendamm Nordseite (Ost), Berlin;2020-11-27 00:00:00 +0100;Friday;12849;8;partly-cloudy-day;
Kurfürstendamm Nordseite (Ost), Berlin;2020-11-28 00:00:00 +0100;Saturday;13388;6;partly-cloudy-day;
Kurfürstendamm Nordseite (Ost), Berlin;2020-11-29 00:00:00 +0100;Sunday;5323;5;partly-cloudy-day;
Kurfürstendamm Nordseite (Ost), Berlin;2020-11-30 00:00:00 +0100;Monday;8826;3;partly-cloudy-day;
Kurfürstendamm Nordseite (Ost), Berlin;2020-12-01 00:00:00 +0100;Tuesday;8320;4;cloudy;
Kurfürstendamm Nordseite (Ost), Berlin;2020-12-02 00:00:00 +0100;Wednesday;8174;2;partly-cloudy-day;
Kurfürstendamm Nordseite (Ost), Berlin;2020-12-03 00:00:00 +0100;Thursday;7902;1;partly-cloudy-day;
Kurfürstendamm Nordseite (Ost), Berlin;2020-12-04 00:00:00 +0100;Friday;10529;4;partly-cloudy-day;
Kurfürstendamm Nordseite (Ost), Berlin;2020-12-05 00:00:00 +0100;Saturday;16337;7;partly-cloudy-day;
Kurfürstendamm Nordseite (Ost), Berlin;2020-12-06 00:00:00 +0100;Sunday;10028;12;partly-cloudy-day;
Kurfürstendamm Nordseite (Ost), Berlin;2020-12-07 00:00:00 +0100;Monday;8376;9;rain;
Kurfürstendamm Nordseite (Ost), Berlin;2020-12-08 00:00:00 +0100;Tuesday;8679;7;partly-cloudy-day;
Kurfürstendamm Nordseite (Ost), Berlin;2020-12-09 00:00:00 +0100;Wednesday;8054;5;rain;
Kurfürstendamm Nordseite (Ost), Berlin;2020-12-10 00:00:00 +0100;Thursday;7830;1;partly-cloudy-day;
Kurfürstendamm Nordseite (Ost), Berlin;2020-12-11 00:00:00 +0100;Friday;9883;3;cloudy;
Kurfürstendamm Nordseite (Ost), Berlin;2020-12-12 00:00:00 +0100;Saturday;14898;4;partly-cloudy-day;
Kurfürstendamm Nordseite (Ost), Berlin;2020-12-13 00:00:00 +0100;Sunday;6539;4;partly-cloudy-day;
Kurfürstendamm Nordseite (Ost), Berlin;2020-12-14 00:00:00 +0100;Monday;11346;8;cloudy;
Kurfürstendamm Nordseite (Ost), Berlin;2020-12-15 00:00:00 +0100;Tuesday;11713;8;rain;
Kurfürstendamm Nordseite (Ost), Berlin;2020-12-16 00:00:00 +0100;Wednesday;4228;9;partly-cloudy-day;
Kurfürstendamm Nordseite (Ost), Berlin;2020-12-17 00:00:00 +0100;Thursday;3864;9;rain;
Kurfürstendamm Nordseite (Ost), Berlin;2020-12-18 00:00:00 +0100;Friday;4564;7;partly-cloudy-day;
Kurfürstendamm Nordseite (Ost), Berlin;2020-12-19 00:00:00 +0100;Saturday;4562;8;clear-day;
Kurfürstendamm Nordseite (Ost), Berlin;2020-12-20 00:00:00 +0100;Sunday;4338;7;rain;
Kurfürstendamm Nordseite (Ost), Berlin;2020-12-21 00:00:00 +0100;Monday;4561;7;rain;
Kurfürstendamm Nordseite (Ost), Berlin;2020-12-22 00:00:00 +0100;Tuesday;4150;13;rain;
Kurfürstendamm Nordseite (Ost), Berlin;2020-12-23 00:00:00 +0100;Wednesday;3133;9;rain;
Kurfürstendamm Nordseite (Ost), Berlin;2020-12-24 00:00:00 +0100;Thursday;2081;10;rain;
Kurfürstendamm Nordseite (Ost), Berlin;2020-12-25 00:00:00 +0100;Friday;4083;5;rain;
Kurfürstendamm Nordseite (Ost), Berlin;2020-12-26 00:00:00 +0100;Saturday;4870;3;partly-cloudy-day;
Kurfürstendamm Nordseite (Ost), Berlin;2020-12-27 00:00:00 +0100;Sunday;3499;3;cloudy;
Kurfürstendamm Nordseite (Ost), Berlin;2020-12-28 00:00:00 +0100;Monday;4180;4;rain;
Kurfürstendamm Nordseite (Ost), Berlin;2020-12-29 00:00:00 +0100;Tuesday;4113;4;rain;
Kurfürstendamm Nordseite (Ost), Berlin;2020-12-30 00:00:00 +0100;Wednesday;4429;5;partly-cloudy-day;
Kurfürstendamm Nordseite (Ost), Berlin;2020-12-31 00:00:00 +0100;Thursday;2788;4;rain;
